<?xml version="1.0" encoding="UTF-8"?>
<project-private xmlns="http://www.netbeans.org/ns/project-private/1">
    <editor-bookmarks xmlns="http://www.netbeans.org/ns/editor-bookmarks/2" lastBookmarkId="0"/>
    <open-files xmlns="http://www.netbeans.org/ns/projectui-open-files/2">
        <group>
            <file>file:/C:/Users/Tank545.000/Documents/NetbeansProjects/SharpR_Chapt15/src/sharpr_chapt15/SharpR_Chapt15.java</file>
            <file>file:/C:/Users/Tank545.000/Documents/NetbeansProjects/SharpR_Chapt15/src/sharpr_chapt15/ToFile.java</file>
            <file>file:/C:/Users/Tank545.000/Documents/NetbeansProjects/SharpR_Chapt15/src/sharpr_chapt15/Console.java</file>
        </group>
    </open-files>
</project-private>
